{
  "[41, 2, 0, 0, 3]|RIGHT": -0.063,
  "[42, 3, 0, 0, 3]|WAIT": -0.008999999999999996,
  "[42, 3, 0, 0, 3]|UP": -0.05999999999999998,
  "[34, 4, 0, 0, 3]|LEFT": 0.05700000000000001,
  "[33, 12, 0, 0, 3]|DOWN": 0.054000000000000006,
  "[41, 12, 0, 0, 3]|LEFT": 0.051000000000000004,
  "[40, 13, 0, 0, 3]|PICKUP": 0.19199999999999998,
  "[40, 5, 1, 0, 1]|WAIT": 0.0060000000000000305,
  "[40, 4, 1, 0, 1]|UP": -0.04499999999999998,
  "[32, 5, 1, 0, 1]|UP": -0.060149999999999884,
  "[24, 6, 1, 0, 1]|DOWN": 0.13830000000000006,
  "[32, 7, 1, 0, 1]|RIGHT": 0.13275000000000006,
  "[33, 6, 1, 0, 1]|WAIT": 0.0060000000000000305,
  "[33, 7, 1, 0, 1]|LEFT": -0.04499999999999998,
  "[32, 6, 1, 0, 1]|RIGHT": 0.07200000000000004,
  "[33, 7, 1, 0, 1]|RIGHT": 0.1173000000000001,
  "[34, 6, 1, 0, 1]|WAIT": 0.003000000000000042,
  "[34, 7, 1, 0, 1]|DOWN": 0.066,
  "[42, 15, 1, 0, 1]|UP": -0.05099999999999996,
  "[34, 23, 1, 0, 1]|WAIT": 0.003000000000000042,
  "[34, 22, 1, 0, 1]|LEFT": -0.047999999999999966,
  "[33, 14, 1, 0, 1]|DOWN": 0.06900000000000005,
  "[41, 13, 1, 0, 1]|LEFT": -0.047999999999999966,
  "[40, 13, 1, 0, 1]|UP": -0.05129999999999997,
  "[34, 6, 1, 0, 1]|LEFT": -0.047999999999999966,
  "[33, 7, 1, 0, 1]|WAIT": 0.0060000000000000305,
  "[33, 15, 1, 0, 1]|LEFT": -0.04499999999999998,
  "[32, 23, 1, 0, 1]|RIGHT": 0.07200000000000004,
  "[33, 15, 1, 0, 1]|WAIT": 0.0060000000000000305,
  "[33, 23, 1, 0, 1]|DOWN": 0.06900000000000005,
  "[41, 31, 1, 0, 1]|LEFT": -0.047999999999999966,
  "[40, 31, 1, 0, 1]|WAIT": 0.0060000000000000305,
  "[40, 23, 1, 0, 1]|WAIT": 0.0060000000000000305,
  "[40, 15, 1, 0, 1]|WAIT": 0.010200000000000053,
  "[40, 15, 1, 0, 1]|UP": -0.04499999999999998,
  "[32, 14, 1, 0, 1]|UP": -0.04199999999999993,
  "[24, 22, 1, 0, 1]|DOWN": 0.07500000000000002,
  "[32, 14, 1, 0, 1]|RIGHT": 0.07200000000000004,
  "[33, 22, 1, 0, 1]|LEFT": -0.04499999999999998,
  "[32, 21, 1, 0, 1]|DOWN": 0.07200000000000004,
  "[40, 29, 1, 0, 1]|RIGHT": 0.06900000000000005,
  "[41, 37, 1, 0, 1]|UP": -0.047999999999999966,
  "[33, 38, 1, 0, 1]|RIGHT": 0.06900000000000005,
  "[34, 38, 1, 0, 1]|DOWN": 0.066,
  "[42, 46, 1, 0, 1]|LEFT": -0.05099999999999996,
  "[41, 47, 1, 0, 1]|RIGHT": 0.066,
  "[42, 46, 1, 0, 1]|UP": -0.05099999999999996,
  "[34, 38, 1, 0, 1]|RIGHT": 0.066,
  "[35, 46, 1, 0, 1]|RIGHT": 0.06300000000000001,
  "[36, 47, 1, 0, 1]|RIGHT": 0.060000000000000026,
  "[37, 39, 1, 0, 1]|RIGHT": 0.05700000000000001,
  "[38, 31, 1, 0, 1]|UP": -0.05999999999999998,
  "[30, 31, 1, 0, 1]|DOWN": 0.05700000000000001,
  "[38, 39, 1, 0, 1]|UP": -0.05999999999999998,
  "[30, 39, 1, 0, 1]|DOWN": 0.05700000000000001,
  "[38, 31, 1, 0, 1]|RIGHT": 0.054000000000000006,
  "[39, 30, 1, 0, 1]|WAIT": -0.011999999999999999,
  "[39, 22, 1, 0, 1]|UP": -0.063,
  "[31, 14, 1, 0, 1]|UP": -0.05999999999999998,
  "[23, 22, 1, 0, 1]|WAIT": -0.005999999999999979,
  "[23, 21, 1, 0, 1]|LEFT": -0.05699999999999999,
  "[22, 21, 1, 0, 1]|RIGHT": 0.060000000000000026,
  "[23, 29, 1, 0, 1]|UP": -0.05699999999999999,
  "[15, 21, 1, 0, 1]|UP": -0.054000000000000006,
  "[7, 21, 1, 0, 1]|DOWN": 0.06300000000000001,
  "[15, 21, 1, 0, 1]|WAIT": -0.00299999999999999,
  "[15, 22, 1, 0, 1]|UP": -0.054000000000000006,
  "[7, 30, 1, 0, 1]|LEFT": -0.05099999999999996,
  "[6, 30, 1, 0, 1]|DOWN": 0.066,
  "[14, 38, 1, 0, 1]|WAIT": 0.0,
  "[14, 39, 1, 0, 1]|RIGHT": 0.06300000000000001,
  "[15, 39, 1, 0, 1]|DOWN": 0.060000000000000026,
  "[23, 38, 1, 0, 1]|UP": -0.05699999999999999,
  "[15, 46, 1, 0, 1]|WAIT": -0.00299999999999999,
  "[15, 46, 1, 0, 1]|DOWN": 0.060000000000000026,
  "[23, 45, 1, 0, 1]|WAIT": -0.005999999999999979,
  "[23, 44, 1, 0, 1]|DOWN": 0.05700000000000001,
  "[31, 44, 1, 0, 1]|LEFT": -0.05999999999999998,
  "[30, 43, 1, 0, 1]|WAIT": -0.005999999999999979,
  "[30, 42, 1, 0, 1]|WAIT": -0.005999999999999979,
  "[30, 34, 1, 0, 1]|LEFT": -0.05699999999999999,
  "[29, 34, 1, 0, 1]|DOWN": 0.060000000000000026,
  "[37, 34, 1, 0, 1]|LEFT": -0.05699999999999999,
  "[36, 35, 1, 0, 1]|WAIT": -0.00299999999999999,
  "[36, 34, 1, 0, 1]|RIGHT": 0.060000000000000026,
  "[37, 35, 1, 0, 1]|DOWN": 0.05700000000000001,
  "[45, 27, 1, 0, 1]|RIGHT": 0.054000000000000006,
  "[46, 27, 1, 0, 1]|UP": -0.063,
  "[38, 26, 1, 0, 1]|WAIT": -0.008999999999999996,
  "[38, 18, 1, 0, 1]|DOWN": 0.054000000000000006,
  "[46, 17, 1, 0, 1]|RIGHT": 0.051000000000000004,
  "[47, 17, 1, 0, 1]|DROPOFF": 1.7069999999999999,
  "[47, 17, 0, 0, 1]|UP": 0.08400000000000003,
  "[39, 17, 0, 0, 1]|WAIT": 0.018000000000000044,
  "[39, 9, 0, 0, 1]|UP": 0.081,
  "[31, 1, 0, 0, 1]|DOWN": -0.035999999999999956,
  "[39, 0, 0, 0, 1]|DOWN": -0.03299999999999992,
  "[47, 0, 0, 1, 1]|UP": 0.08400000000000003,
  "[39, 0, 0, 1, 1]|LEFT": 0.081,
  "[38, 0, 0, 1, 1]|RIGHT": -0.035999999999999956,
  "[39, 8, 0, 1, 1]|UP": 0.081,
  "[31, 9, 0, 1, 1]|WAIT": 0.015,
  "[31, 8, 0, 1, 1]|DOWN": -0.035999999999999956,
  "[39, 8, 0, 1, 1]|WAIT": 0.030600000000000075,
  "[39, 9, 0, 1, 1]|WAIT": 0.02070000000000005,
  "[39, 16, 0, 1, 1]|LEFT": 0.081,
  "[38, 24, 0, 1, 1]|DOWN": -0.035999999999999956,
  "[46, 24, 0, 1, 1]|UP": 0.081,
  "[38, 32, 0, 1, 1]|LEFT": 0.07800000000000007,
  "[37, 33, 0, 1, 1]|UP": 0.07500000000000002,
  "[29, 33, 0, 1, 1]|UP": 0.07200000000000004,
  "[21, 34, 0, 1, 1]|WAIT": 0.0060000000000000305,
  "[21, 42, 0, 1, 1]|DOWN": -0.04499999999999998,
  "[29, 34, 0, 1, 1]|DOWN": -0.04199999999999993,
  "[37, 33, 0, 1, 1]|DOWN": -0.039,
  "[45, 34, 0, 1, 1]|UP": 0.07800000000000007,
  "[37, 35, 0, 1, 1]|RIGHT": -0.039,
  "[38, 36, 0, 1, 1]|DOWN": -0.035999999999999956,
  "[46, 37, 0, 1, 1]|WAIT": 0.018000000000000044,
  "[46, 29, 0, 1, 1]|RIGHT": -0.03299999999999992,
  "[47, 37, 0, 1, 1]|LEFT": 0.08400000000000003,
  "[46, 36, 0, 1, 1]|RIGHT": -0.03299999999999992,
  "[47, 37, 0, 1, 1]|UP": 0.08400000000000003,
  "[39, 36, 0, 1, 1]|UP": 0.081,
  "[31, 35, 0, 1, 1]|DOWN": -0.035999999999999956,
  "[39, 27, 0, 1, 1]|LEFT": 0.081,
  "[38, 26, 0, 1, 1]|LEFT": 0.07800000000000007,
  "[37, 25, 0, 1, 1]|LEFT": 0.07500000000000002,
  "[36, 26, 0, 1, 1]|WAIT": 0.015300000000000034,
  "[36, 26, 0, 1, 1]|LEFT": 0.07200000000000004,
  "[35, 27, 0, 1, 1]|WAIT": 0.0060000000000000305,
  "[35, 27, 0, 1, 1]|RIGHT": -0.04364999999999998,
  "[36, 25, 0, 1, 1]|DOWN": -0.04199999999999993,
  "[44, 24, 0, 1, 1]|UP": 0.07500000000000002,
  "[36, 24, 0, 1, 1]|WAIT": 0.00900000000000002,
  "[36, 25, 0, 1, 1]|LEFT": 0.07200000000000004,
  "[35, 25, 0, 1, 1]|DOWN": -0.04499999999999998,
  "[43, 24, 0, 1, 1]|WAIT": 0.00900000000000002,
  "[43, 32, 0, 1, 1]|RIGHT": -0.04199999999999993,
  "[44, 40, 0, 1, 1]|UP": 0.07500000000000002,
  "[36, 32, 0, 1, 1]|RIGHT": -0.04199999999999993,
  "[37, 33, 0, 1, 1]|WAIT": 0.02040000000000011,
  "[37, 41, 0, 1, 1]|WAIT": 0.012000000000000064,
  "[37, 33, 0, 1, 1]|LEFT": 0.07500000000000002,
  "[36, 41, 0, 1, 1]|RIGHT": -0.04199999999999993,
  "[37, 41, 0, 1, 1]|LEFT": 0.07500000000000002,
  "[36, 33, 0, 1, 1]|LEFT": 0.07200000000000004,
  "[35, 34, 0, 1, 1]|RIGHT": -0.04499999999999998,
  "[36, 42, 0, 1, 1]|RIGHT": -0.04199999999999993,
  "[37, 43, 0, 1, 1]|LEFT": 0.07500000000000002,
  "[36, 44, 0, 1, 1]|LEFT": 0.12240000000000006,
  "[35, 45, 0, 1, 1]|RIGHT": -0.034199999999999973,
  "[35, 44, 0, 1, 1]|LEFT": 0.06900000000000005,
  "[34, 45, 0, 1, 1]|LEFT": 0.066,
  "[33, 44, 0, 1, 1]|DOWN": -0.05099999999999996,
  "[41, 43, 0, 1, 1]|UP": 0.066,
  "[33, 42, 0, 1, 1]|UP": 0.06300000000000001,
  "[25, 41, 0, 1, 1]|RIGHT": -0.0918,
  "[26, 40, 0, 1, 1]|WAIT": 0.0,
  "[26, 32, 0, 1, 1]|WAIT": 0.0,
  "[26, 33, 0, 1, 1]|WAIT": 0.0,
  "[26, 32, 0, 1, 1]|LEFT": 0.06300000000000001,
  "[25, 32, 0, 1, 1]|UP": 0.060000000000000026,
  "[17, 40, 0, 1, 1]|DOWN": -0.06509999999999999,
  "[26, 40, 0, 1, 1]|DOWN": -0.05099999999999996,
  "[34, 32, 0, 1, 1]|DOWN": -0.047999999999999966,
  "[42, 32, 0, 1, 1]|LEFT": 0.06900000000000005,
  "[41, 33, 0, 1, 1]|WAIT": 0.003000000000000042,
  "[41, 25, 0, 1, 1]|WAIT": 0.003000000000000042,