{
  "[1, 41, 0, 0, 3]|RIGHT": -0.063,
  "[2, 42, 0, 0, 3]|RIGHT": -0.05999999999999998,
  "[3, 42, 0, 0, 3]|WAIT": -0.005999999999999979,
  "[3, 34, 0, 0, 3]|RIGHT": -0.05699999999999999,
  "[4, 33, 0, 0, 3]|DOWN": -0.054000000000000006,
  "[12, 41, 0, 0, 3]|WAIT": 0.0,
  "[12, 40, 0, 0, 3]|RIGHT": -0.05099999999999996,
  "[13, 40, 0, 1, 1]|UP": 0.066,
  "[5, 40, 0, 1, 1]|LEFT": 0.06300000000000001,
  "[4, 32, 0, 1, 1]|RIGHT": -0.054000000000000006,
  "[5, 24, 0, 1, 1]|RIGHT": -0.09389999999999993,
  "[6, 32, 0, 1, 1]|RIGHT": -0.08159999999999995,
  "[7, 33, 0, 1, 1]|LEFT": 0.06900000000000005,
  "[6, 33, 0, 1, 1]|RIGHT": -0.10511999999999994,
  "[7, 32, 0, 1, 1]|LEFT": 0.06180000000000005,
  "[7, 34, 0, 1, 1]|LEFT": 0.1050600000000001,
  "[6, 34, 0, 1, 1]|RIGHT": -0.047999999999999966,
  "[7, 42, 0, 1, 1]|DOWN": -0.04499999999999998,
  "[15, 34, 0, 1, 1]|DOWN": -0.04199999999999993,
  "[23, 34, 0, 1, 1]|LEFT": 0.07500000000000002,
  "[22, 33, 0, 1, 1]|UP": 0.07200000000000004,
  "[14, 41, 0, 1, 1]|LEFT": 0.06900000000000005,
  "[13, 40, 0, 1, 1]|WAIT": 0.003000000000000042,
  "[13, 32, 0, 1, 1]|UP": 0.05835,
  "[7, 33, 0, 1, 1]|WAIT": 0.016350000000000038,
  "[7, 33, 0, 1, 1]|DOWN": -0.04499999999999998,
  "[15, 32, 0, 1, 1]|DOWN": -0.04199999999999993,
  "[23, 33, 0, 1, 1]|UP": 0.07500000000000002,
  "[15, 33, 0, 1, 1]|DOWN": -0.04199999999999993,
  "[23, 41, 0, 1, 1]|DOWN": -0.039,
  "[31, 40, 0, 1, 1]|WAIT": 0.015,
  "[31, 40, 0, 1, 1]|UP": 0.07800000000000007,
  "[23, 40, 0, 1, 1]|UP": 0.07500000000000002,
  "[15, 40, 0, 1, 1]|WAIT": 0.015300000000000034,
  "[15, 32, 0, 1, 1]|LEFT": 0.07200000000000004,
  "[14, 24, 0, 1, 1]|DOWN": -0.04499999999999998,
  "[22, 32, 0, 1, 1]|UP": 0.07200000000000004,
  "[14, 33, 0, 1, 1]|DOWN": -0.04499999999999998,
  "[22, 32, 0, 1, 1]|LEFT": 0.07200000000000004,
  "[21, 40, 0, 1, 1]|DOWN": -0.04499999999999998,
  "[29, 41, 0, 1, 1]|DOWN": -0.04199999999999993,
  "[37, 33, 0, 1, 1]|RIGHT": -0.039,
  "[38, 34, 0, 1, 1]|WAIT": 0.015,
  "[38, 42, 0, 1, 1]|DOWN": -0.035999999999999956,
  "[46, 41, 0, 1, 1]|RIGHT": -0.03299999999999992,
  "[47, 42, 0, 1, 1]|LEFT": 0.08400000000000003,
  "[46, 34, 0, 1, 1]|UP": 0.081,
  "[38, 35, 0, 1, 1]|DOWN": -0.035999999999999956,
  "[46, 36, 0, 1, 1]|RIGHT": -0.03299999999999992,
  "[47, 37, 0, 1, 1]|UP": 0.08400000000000003,
  "[39, 38, 0, 1, 1]|UP": 0.1377,
  "[31, 30, 0, 1, 1]|WAIT": 0.015,
  "[31, 38, 0, 1, 1]|DOWN": -0.035999999999999956,
  "[39, 30, 0, 1, 1]|WAIT": 0.03015000000000004,
  "[31, 39, 0, 1, 1]|LEFT": 0.07800000000000007,
  "[30, 39, 0, 1, 1]|UP": 0.07500000000000002,
  "[22, 31, 0, 1, 1]|UP": 0.07200000000000004,
  "[14, 23, 0, 1, 1]|DOWN": -0.04499999999999998,
  "[22, 23, 0, 1, 1]|LEFT": 0.07200000000000004,
  "[21, 22, 0, 1, 1]|WAIT": 0.0060000000000000305,
  "[21, 23, 0, 1, 1]|DOWN": -0.04499999999999998,
  "[29, 15, 0, 1, 1]|UP": 0.07200000000000004,
  "[21, 7, 0, 1, 1]|WAIT": 0.0060000000000000305,
  "[21, 15, 0, 1, 1]|WAIT": 0.0060000000000000305,
  "[21, 15, 0, 1, 1]|RIGHT": -0.04499999999999998,
  "[22, 7, 0, 1, 1]|DOWN": -0.04199999999999993,
  "[30, 6, 0, 1, 1]|WAIT": 0.012000000000000064,
  "[30, 14, 0, 1, 1]|DOWN": -0.039,
  "[38, 14, 0, 1, 1]|RIGHT": -0.035999999999999956,
  "[39, 15, 0, 1, 1]|WAIT": 0.018000000000000044,
  "[39, 23, 0, 1, 1]|LEFT": 0.081,
  "[38, 15, 0, 1, 1]|DOWN": -0.035999999999999956,
  "[46, 15, 0, 1, 1]|WAIT": 0.018000000000000044,
  "[46, 23, 0, 1, 1]|LEFT": 0.081,
  "[45, 23, 0, 1, 1]|LEFT": 0.07800000000000007,
  "[44, 31, 0, 1, 1]|WAIT": 0.012000000000000064,
  "[44, 30, 0, 1, 1]|LEFT": 0.07500000000000002,
  "[43, 30, 0, 1, 1]|LEFT": 0.07200000000000004,
  "[42, 30, 0, 1, 1]|UP": 0.06900000000000005,
  "[34, 29, 0, 1, 1]|WAIT": 0.003000000000000042,
  "[34, 37, 0, 1, 1]|WAIT": 0.003000000000000042,
  "[34, 36, 0, 1, 1]|RIGHT": -0.047999999999999966,
  "[35, 36, 0, 1, 1]|LEFT": 0.06900000000000005,
  "[34, 37, 0, 1, 1]|RIGHT": -0.047999999999999966,
  "[35, 45, 0, 1, 1]|UP": 0.06900000000000005,
  "[27, 46, 0, 1, 1]|WAIT": 0.003000000000000042,
  "[27, 38, 0, 1, 1]|LEFT": 0.066,
  "[26, 38, 0, 1, 1]|UP": 0.06300000000000001,
  "[18, 46, 0, 1, 1]|LEFT": 0.060000000000000026,
  "[17, 47, 0, 1, 1]|WAIT": -0.005999999999999979,
  "[17, 47, 0, 0, 1]|WAIT": -0.005999999999999979,
  "[17, 39, 0, 0, 1]|WAIT": -0.005999999999999979,
  "[17, 39, 0, 0, 1]|UP": 0.05700000000000001,
  "[9, 31, 0, 0, 1]|UP": 0.054000000000000006,
  "[1, 39, 0, 0, 1]|LEFT": 0.051000000000000004,
  "[0, 47, 0, 0, 1]|PICKUP": -0.09299999999999994,
  "[0, 39, 1, 0, 1]|WAIT": 0.021000000000000085,
  "[0, 38, 1, 0, 1]|WAIT": 0.021000000000000085,
  "[0, 39, 1, 0, 1]|DOWN": 0.08400000000000003,
  "[8, 31, 1, 0, 1]|RIGHT": 0.081,
  "[9, 31, 1, 0, 1]|LEFT": -0.035999999999999956,
  "[8, 39, 1, 0, 1]|WAIT": 0.018000000000000044,
  "[8, 39, 1, 0, 1]|RIGHT": 0.081,
  "[9, 39, 1, 0, 1]|LEFT": -0.035999999999999956,
  "[8, 39, 1, 0, 1]|DOWN": 0.081,
  "[16, 38, 1, 0, 1]|DOWN": 0.07800000000000007,
  "[24, 46, 1, 0, 1]|WAIT": 0.012000000000000064,
  "[24, 38, 1, 0, 1]|DOWN": 0.07500000000000002,
  "[32, 37, 1, 0, 1]|RIGHT": 0.12240000000000006,
  "[33, 29, 1, 0, 1]|WAIT": 0.0060000000000000305,
  "[33, 21, 1, 0, 1]|RIGHT": 0.06900000000000005,
  "[34, 21, 1, 0, 1]|DOWN": 0.066,
  "[42, 29, 1, 0, 1]|UP": -0.05099999999999996,
  "[34, 37, 1, 0, 1]|LEFT": -0.047999999999999966,
  "[33, 45, 1, 0, 1]|RIGHT": 0.06900000000000005,
  "[34, 37, 1, 0, 1]|RIGHT": 0.066,
  "[35, 38, 1, 0, 1]|RIGHT": 0.06300000000000001,
  "[36, 46, 1, 0, 1]|RIGHT": 0.060000000000000026,
  "[37, 46, 1, 0, 1]|UP": -0.05699999999999999,
  "[29, 47, 1, 0, 1]|DOWN": 0.060000000000000026,
  "[37, 46, 1, 0, 1]|LEFT": -0.05699999999999999,
  "[36, 47, 1, 0, 1]|RIGHT": 0.060000000000000026,
  "[37, 39, 1, 0, 1]|LEFT": -0.05699999999999999,
  "[36, 31, 1, 0, 1]|LEFT": -0.054000000000000006,
  "[35, 39, 1, 0, 1]|UP": -0.05099999999999996,
  "[27, 38, 1, 0, 1]|LEFT": -0.047999999999999966,
  "[26, 37, 1, 0, 1]|LEFT": -0.04499999999999998,
  "[25, 36, 1, 0, 1]|RIGHT": 0.07200000000000004,
  "[26, 36, 1, 0, 1]|WAIT": 0.0060000000000000305,
  "[26, 35, 1, 0, 1]|RIGHT": 0.06900000000000005,
  "[27, 35, 1, 0, 1]|WAIT": 0.003000000000000042,
  "[27, 36, 1, 0, 1]|LEFT": -0.047999999999999966,
  "[26, 36, 1, 0, 1]|LEFT": -0.04499999999999998,
  "[25, 44, 1, 0, 1]|LEFT": -0.04199999999999993,
  "[24, 36, 1, 0, 1]|WAIT": 0.012000000000000064,
  "[24, 36, 1, 0, 1]|RIGHT": 0.07500000000000002,
  "[25, 35, 1, 0, 1]|WAIT": 0.00900000000000002,
  "[25, 43, 1, 0, 1]|LEFT": -0.04199999999999993,
  "[24, 43, 1, 0, 1]|DOWN": 0.07500000000000002,
  "[32, 44, 1, 0, 1]|DOWN": 0.07200000000000004,
  "[40, 36, 1, 0, 1]|UP": -0.034199999999999973,
  "[33, 37, 1, 0, 1]|WAIT": 0.0060000000000000305,
  "[33, 37, 1, 0, 1]|DOWN": 0.06900000000000005,
  "[41, 37, 1, 0, 1]|UP": -0.047999999999999966,
  "[33, 36, 1, 0, 1]|DOWN": 0.06900000000000005,
  "[41, 37, 1, 0, 1]|WAIT": 0.003000000000000042,
  "[41, 36, 1, 0, 1]|UP": -0.047999999999999966,
  "[33, 35, 1, 0, 1]|RIGHT": 0.06900000000000005,
  "[34, 36, 1, 0, 1]|DOWN": 0.066,
  "[42, 37, 1, 0, 1]|RIGHT": 0.06300000000000001,
  "[43, 36, 1, 0, 1]|RIGHT": 0.060000000000000026,
  "[44, 35, 1, 0, 1]|RIGHT": 0.05700000000000001,
  "[45, 36, 1, 0, 1]|LEFT": -0.05999999999999998,
  "[44, 35, 1, 0, 1]|WAIT": -0.005999999999999979,
  "[44, 34, 1, 0, 1]|RIGHT": 0.05700000000000001,
  "[45, 33, 1, 0, 1]|LEFT": -0.05999999999999998,
  "[44, 41, 1, 0, 1]|LEFT": -0.05699999999999999,
  "[43, 33, 1, 0, 1]|LEFT": -0.054000000000000006,
  "[42, 25, 1, 0, 1]|LEFT": -0.05099999999999996,
  "[41, 26, 1, 0, 1]|LEFT": -0.08159999999999995,
  "[40, 26, 1, 0, 1]|UP": -0.04499999999999998,
  "[32, 26, 1, 0, 1]|WAIT": 0.00900000000000002,
  "[32, 26, 1, 0, 1]|RIGHT": 0.07200000000000004,
  "[33, 26, 1, 0, 1]|LEFT": -0.04499999999999998,
  "[32, 25, 1, 0, 1]|WAIT": 0.00900000000000002,
  "[32, 17, 1, 0, 1]|DOWN": 0.07200000000000004,
  "[40, 25, 1, 0, 1]|RIGHT": 0.06180000000000005,