episode_idx,return_sum,steps,conflicts,avg_manhattan_FM
0,-40.0,500,0,3.606
1,-15.000000000000002,500,0,4.762
2,-30.0,500,0,5.608
3,-20.0,500,0,4.548
4,-15.0,500,0,3.61
5,-25.0,500,0,4.998
6,-20.0,500,0,4.248
7,-40.0,500,0,5.138
8,-15.0,500,0,5.184
9,-40.0,500,0,4.526
10,-30.0,500,0,4.882
11,-1.9000000000000004,469,0,4.724946695095949
12,-20.000000000000004,500,0,4.06
13,-30.000000000000004,500,0,4.624
14,-15.0,500,0,4.968
15,-30.0,500,0,4.982
16,6.9,31,0,4.258064516129032
