{
  "[41, 9, 0, 0, 3]|WAIT": -0.011999999999999999,
  "[41, 9, 0, 0, 3]|UP": -0.063,
  "[33, 10, 0, 0, 3]|WAIT": -0.008999999999999996,
  "[33, 9, 0, 0, 3]|WAIT": -0.008999999999999996,
  "[33, 1, 0, 0, 3]|UP": -0.05999999999999998,
  "[25, 1, 0, 0, 3]|LEFT": 0.05700000000000001,
  "[24, 0, 0, 0, 3]|UP": -0.0029999999999999944,
  "[16, 0, 0, 1, 3]|RIGHT": -0.05999999999999998,
  "[17, 0, 0, 1, 3]|WAIT": -0.005999999999999979,
  "[17, 8, 0, 1, 3]|WAIT": -0.005999999999999979,
  "[17, 9, 0, 1, 3]|DOWN": 2.185751579730777e-17,
  "[25, 9, 0, 1, 3]|WAIT": -0.005999999999999979,
  "[25, 1, 0, 1, 3]|UP": 2.185751579730777e-17,
  "[17, 2, 0, 1, 3]|LEFT": 0.05700000000000001,
  "[16, 1, 0, 1, 3]|RIGHT": -0.05999999999999998,
  "[17, 2, 0, 1, 3]|WAIT": -0.010199999999999964,
  "[17, 1, 0, 1, 3]|LEFT": 0.05700000000000001,
  "[16, 9, 0, 1, 3]|UP": 0.054000000000000006,
  "[8, 1, 0, 1, 3]|RIGHT": -0.063,
  "[9, 0, 0, 1, 3]|DOWN": -0.05999999999999998,
  "[17, 8, 0, 1, 3]|LEFT": 0.05700000000000001,
  "[16, 0, 0, 1, 3]|WAIT": -0.008999999999999996,
  "[16, 0, 0, 1, 3]|DOWN": -0.0029999999999999944,
  "[24, 8, 0, 1, 3]|DOWN": 0.054000000000000006,
  "[32, 0, 0, 1, 3]|WAIT": -0.011999999999999999,
  "[32, 1, 0, 1, 3]|RIGHT": -0.063,
  "[33, 0, 0, 1, 3]|DOWN": 0.054000000000000006,
  "[41, 0, 0, 1, 3]|LEFT": 0.051000000000000004,
  "[40, 0, 0, 1, 3]|PICKUP": 0.19199999999999998,
  "[40, 1, 1, 1, 1]|WAIT": 0.0060000000000000305,
  "[40, 1, 1, 1, 1]|UP": -0.04499999999999998,
  "[32, 9, 1, 1, 1]|UP": -0.04199999999999993,
  "[24, 10, 1, 1, 1]|UP": -0.039,
  "[16, 10, 1, 1, 1]|UP": -0.035999999999999956,
  "[8, 10, 1, 1, 1]|RIGHT": 0.081,
  "[9, 18, 1, 1, 1]|UP": -0.035999999999999956,
  "[1, 26, 1, 1, 1]|WAIT": 0.018000000000000044,
  "[1, 18, 1, 1, 1]|DOWN": 0.081,
  "[9, 26, 1, 1, 1]|DOWN": 0.07800000000000007,
  "[17, 25, 1, 1, 1]|UP": -0.039,
  "[9, 33, 1, 1, 1]|UP": -0.035999999999999956,
  "[1, 25, 1, 1, 1]|DOWN": 0.081,
  "[9, 33, 1, 1, 1]|DOWN": 0.07800000000000007,
  "[17, 34, 1, 1, 1]|RIGHT": 0.07500000000000002,
  "[18, 26, 1, 1, 1]|UP": -0.04199999999999993,
  "[10, 18, 1, 1, 1]|UP": -0.039,
  "[2, 18, 1, 1, 1]|LEFT": -0.035999999999999956,
  "[1, 26, 1, 1, 1]|DOWN": 0.081,
  "[9, 27, 1, 1, 1]|UP": -0.035999999999999956,
  "[1, 27, 1, 1, 1]|LEFT": -0.03299999999999992,
  "[0, 26, 1, 1, 1]|WAIT": 0.021000000000000085,
  "[0, 26, 1, 1, 1]|RIGHT": 0.08400000000000003,
  "[1, 27, 1, 1, 1]|DOWN": 0.081,
  "[9, 35, 1, 1, 1]|LEFT": -0.035999999999999956,
  "[8, 36, 1, 1, 1]|RIGHT": 0.081,
  "[9, 37, 1, 1, 1]|RIGHT": 0.07800000000000007,
  "[10, 38, 1, 1, 1]|UP": -0.039,
  "[2, 38, 1, 1, 1]|WAIT": 0.015,
  "[2, 39, 1, 1, 1]|WAIT": 0.015,
  "[2, 31, 1, 1, 1]|WAIT": 0.025500000000000002,
  "[2, 23, 1, 1, 1]|WAIT": 0.01725,
  "[2, 30, 1, 1, 1]|LEFT": -0.035999999999999956,
  "[1, 29, 1, 1, 1]|LEFT": -0.03299999999999992,
  "[0, 37, 1, 1, 1]|DOWN": 0.08400000000000003,
  "[8, 36, 1, 1, 1]|WAIT": 0.018000000000000044,
  "[8, 35, 1, 1, 1]|WAIT": 0.018000000000000044,
  "[8, 27, 1, 1, 1]|RIGHT": 0.081,
  "[9, 26, 1, 1, 1]|LEFT": -0.035999999999999956,
  "[8, 25, 1, 1, 1]|RIGHT": 0.081,
  "[9, 17, 1, 1, 1]|UP": -0.035999999999999956,
  "[1, 16, 1, 1, 1]|LEFT": -0.03299999999999992,
  "[0, 24, 1, 1, 1]|WAIT": 0.021000000000000085,
  "[0, 25, 1, 1, 1]|RIGHT": 0.08400000000000003,
  "[1, 17, 1, 1, 1]|LEFT": -0.03299999999999992,
  "[0, 18, 1, 1, 1]|RIGHT": 0.08400000000000003,
  "[1, 26, 1, 1, 1]|RIGHT": 0.081,
  "[2, 34, 1, 1, 1]|WAIT": 0.015,
  "[2, 35, 1, 1, 1]|DOWN": 0.07800000000000007,
  "[10, 35, 1, 1, 1]|DOWN": 0.07500000000000002,
  "[18, 36, 1, 1, 1]|LEFT": -0.04199999999999993,
  "[17, 44, 1, 1, 1]|UP": -0.039,
  "[9, 36, 1, 1, 1]|RIGHT": 0.07800000000000007,
  "[10, 36, 1, 1, 1]|UP": -0.039,
  "[2, 36, 1, 1, 1]|DOWN": 0.07800000000000007,
  "[10, 37, 1, 1, 1]|RIGHT": 0.07500000000000002,
  "[11, 29, 1, 1, 1]|UP": -0.04199999999999993,
  "[3, 30, 1, 1, 1]|RIGHT": 0.13830000000000006,
  "[4, 31, 1, 1, 1]|DOWN": 0.1576800000000001,
  "[12, 39, 1, 1, 1]|WAIT": 0.0060000000000000305,
  "[12, 31, 1, 1, 1]|WAIT": 0.010200000000000053,
  "[12, 31, 1, 1, 1]|UP": -0.04499999999999998,
  "[4, 39, 1, 1, 1]|RIGHT": 0.07200000000000004,
  "[5, 39, 1, 1, 1]|LEFT": -0.04499999999999998,
  "[4, 31, 1, 1, 1]|LEFT": -0.030749999999999934,
  "[12, 23, 1, 1, 1]|UP": -0.026639999999999973,
  "[12, 31, 1, 1, 1]|RIGHT": 0.06900000000000005,
  "[13, 23, 1, 1, 1]|LEFT": -0.047999999999999966,
  "[12, 15, 1, 1, 1]|WAIT": 0.0060000000000000305,
  "[12, 14, 1, 1, 1]|WAIT": 0.0060000000000000305,
  "[12, 13, 1, 1, 1]|UP": -0.04499999999999998,
  "[4, 13, 1, 1, 1]|LEFT": -0.04199999999999993,
  "[3, 5, 1, 1, 1]|LEFT": -0.039,
  "[2, 4, 1, 1, 1]|WAIT": 0.015,
  "[2, 5, 1, 1, 1]|DOWN": 0.07800000000000007,
  "[10, 4, 1, 1, 1]|RIGHT": 0.07500000000000002,
  "[11, 12, 1, 1, 1]|UP": -0.04199999999999993,
  "[3, 13, 1, 1, 1]|DOWN": 0.07500000000000002,
  "[11, 13, 1, 1, 1]|LEFT": -0.04199999999999993,
  "[10, 13, 1, 1, 1]|LEFT": -0.039,
  "[9, 12, 1, 1, 1]|DOWN": 0.07800000000000007,
  "[17, 12, 1, 1, 1]|WAIT": 0.012000000000000064,
  "[17, 13, 1, 1, 1]|RIGHT": 0.07500000000000002,
  "[18, 12, 1, 1, 1]|LEFT": -0.04199999999999993,
  "[17, 4, 1, 1, 1]|DOWN": 0.12750000000000006,
  "[25, 4, 1, 1, 1]|DOWN": 0.12240000000000006,
  "[33, 3, 1, 1, 1]|RIGHT": 0.06900000000000005,
  "[34, 3, 1, 1, 1]|UP": -0.047999999999999966,
  "[26, 11, 1, 1, 1]|DOWN": 0.06900000000000005,
  "[34, 10, 1, 1, 1]|RIGHT": 0.066,
  "[35, 11, 1, 1, 1]|LEFT": -0.05099999999999996,
  "[34, 3, 1, 1, 1]|LEFT": -0.047999999999999966,
  "[33, 4, 1, 1, 1]|UP": -0.04499999999999998,
  "[25, 4, 1, 1, 1]|UP": -0.030749999999999934,
  "[25, 12, 1, 1, 1]|WAIT": 0.019800000000000026,
  "[33, 5, 1, 1, 1]|RIGHT": 0.06900000000000005,
  "[34, 4, 1, 1, 1]|RIGHT": 0.066,
  "[35, 3, 1, 1, 1]|RIGHT": 0.10710000000000003,
  "[36, 3, 1, 1, 1]|WAIT": -0.00299999999999999,
  "[36, 11, 1, 1, 1]|LEFT": -0.044550000000000006,
  "[36, 4, 1, 1, 1]|DOWN": 0.10200000000000004,
  "[44, 12, 1, 1, 1]|RIGHT": 0.05700000000000001,
  "[45, 12, 1, 1, 1]|UP": -0.05999999999999998,
  "[37, 11, 1, 1, 1]|RIGHT": 0.05700000000000001,
  "[38, 12, 1, 1, 1]|DOWN": 0.054000000000000006,
  "[46, 12, 1, 1, 1]|UP": -0.063,
  "[38, 12, 1, 1, 1]|LEFT": -0.05999999999999998,
  "[37, 4, 1, 1, 1]|LEFT": -0.047999999999999994,
  "[44, 5, 1, 1, 1]|LEFT": -0.05699999999999999,
  "[43, 13, 1, 1, 1]|RIGHT": 0.060000000000000026,
  "[44, 5, 1, 1, 1]|RIGHT": 0.05700000000000001,
  "[45, 6, 1, 1, 1]|RIGHT": 0.0918,
  "[46, 6, 1, 1, 1]|LEFT": -0.0549,
  "[46, 7, 1, 1, 1]|LEFT": -0.063,
  "[45, 15, 1, 1, 1]|RIGHT": 0.054000000000000006,
  "[46, 15, 1, 1, 1]|UP": -0.063,
  "[38, 14, 1, 1, 1]|LEFT": -0.05999999999999998,
  "[37, 15, 1, 1, 1]|RIGHT": 0.05700000000000001,
  "[38, 23, 1, 1, 1]|LEFT": -0.05999999999999998,
  "[37, 31, 1, 1, 1]|DOWN": 0.05700000000000001,
  "[45, 30, 1, 1, 1]|RIGHT": 0.054000000000000006,
  "[46, 31, 1, 1, 1]|UP": -0.063,
  "[38, 30, 1, 1, 1]|LEFT": -0.10199999999999997,
  "[37, 29, 1, 1, 1]|RIGHT": 0.04800000000000001,
  "[37, 30, 1, 1, 1]|DOWN": 0.05700000000000001,
  "[45, 31, 1, 1, 1]|RIGHT": 0.054000000000000006,
  "[46, 31, 1, 1, 1]|RIGHT": 0.051000000000000004,
  "[47, 30, 1, 1, 1]|DROPOFF": 1.7069999999999999,
  "[47, 22, 0, 1, 1]|LEFT": 0.08400000000000003,
  "[46, 14, 0, 1, 1]|UP": 0.081,
  "[38, 14, 0, 1, 1]|WAIT": 0.015,
  "[38, 6, 0, 1, 1]|RIGHT": -0.035999999999999956,
  "[39, 5, 0, 1, 1]|LEFT": 0.081,
  "[38, 4, 0, 1, 1]|UP": 0.07800000000000007,
  "[30, 5, 0, 1, 1]|UP": 0.07500000000000002,
  "[22, 13, 0, 1, 1]|LEFT": 0.07200000000000004,
  "[21, 13, 0, 1, 1]|WAIT": 0.0060000000000000305,
  "[21, 12, 0, 1, 1]|UP": 0.06900000000000005,
  "[13, 12, 0, 1, 1]|DOWN": -0.047999999999999966,
  "[21, 13, 0, 1, 1]|DOWN": -0.04499999999999998,
  "[29, 14, 0, 1, 1]|UP": 0.07200000000000004,
  "[21, 6, 0, 1, 1]|RIGHT": -0.04499999999999998,
  "[22, 5, 0, 1, 1]|DOWN": -0.04199999999999993,
  "[30, 6, 0, 1, 1]|UP": 0.07500000000000002,