{
  "[1, 41, 0, 0, 3]|DOWN": -0.063,
  "[9, 41, 0, 0, 3]|WAIT": -0.008999999999999996,
  "[9, 33, 0, 0, 3]|RIGHT": -0.05999999999999998,
  "[10, 33, 0, 0, 3]|LEFT": 0.05700000000000001,
  "[9, 33, 0, 0, 3]|UP": 0.054000000000000006,
  "[1, 25, 0, 0, 3]|WAIT": -0.011999999999999999,
  "[1, 24, 0, 0, 3]|LEFT": 0.051000000000000004,
  "[0, 16, 0, 0, 3]|PICKUP": -0.09299999999999994,
  "[0, 17, 1, 0, 3]|WAIT": 0.021000000000000085,
  "[0, 17, 1, 0, 3]|DOWN": 0.14280000000000007,
  "[8, 17, 1, 0, 3]|RIGHT": 0.081,
  "[9, 25, 1, 0, 3]|WAIT": 0.015,
  "[9, 25, 1, 0, 3]|UP": -0.035999999999999956,
  "[1, 17, 1, 0, 3]|RIGHT": 0.1377,
  "[2, 16, 1, 0, 3]|LEFT": -0.023849999999999955,
  "[2, 17, 1, 0, 3]|WAIT": 0.015,
  "[2, 17, 1, 0, 3]|LEFT": -0.035999999999999956,
  "[1, 16, 1, 0, 3]|DOWN": 0.081,
  "[9, 8, 1, 0, 3]|UP": -0.035999999999999956,
  "[1, 9, 1, 0, 3]|LEFT": -0.020399999999999908,
  "[8, 16, 1, 0, 3]|UP": -0.03299999999999992,
  "[0, 16, 1, 0, 3]|WAIT": 0.021000000000000085,
  "[0, 24, 1, 0, 3]|DOWN": 0.08400000000000003,
  "[8, 32, 1, 0, 3]|UP": -0.03299999999999992,
  "[0, 32, 1, 0, 3]|RIGHT": 0.08400000000000003,
  "[1, 33, 1, 0, 3]|LEFT": -0.03299999999999992,
  "[0, 41, 1, 0, 3]|WAIT": 0.021000000000000085,
  "[0, 40, 1, 0, 3]|WAIT": 0.021000000000000085,
  "[0, 40, 1, 1, 1]|RIGHT": 0.08400000000000003,
  "[1, 40, 1, 1, 1]|WAIT": 0.018000000000000044,
  "[1, 32, 1, 1, 1]|DOWN": 0.081,
  "[9, 24, 1, 1, 1]|RIGHT": 0.07800000000000007,
  "[10, 16, 1, 1, 1]|WAIT": 0.012000000000000064,
  "[10, 8, 1, 1, 1]|WAIT": 0.012000000000000064,
  "[10, 9, 1, 1, 1]|DOWN": 0.07500000000000002,
  "[18, 1, 1, 1, 1]|DOWN": 0.1576800000000001,
  "[26, 1, 1, 1, 1]|UP": -0.04499999999999998,
  "[18, 9, 1, 1, 1]|DOWN": 0.07200000000000004,
  "[26, 17, 1, 1, 1]|LEFT": -0.04499999999999998,
  "[25, 9, 1, 1, 1]|DOWN": 0.12240000000000006,
  "[33, 1, 1, 1, 1]|UP": -0.034199999999999973,
  "[33, 17, 1, 1, 1]|RIGHT": 0.06900000000000005,
  "[34, 18, 1, 1, 1]|UP": -0.047999999999999966,
  "[26, 10, 1, 1, 1]|UP": -0.04499999999999998,
  "[18, 2, 1, 1, 1]|WAIT": 0.019800000000000026,
  "[26, 9, 1, 1, 1]|RIGHT": 0.06900000000000005,
  "[27, 1, 1, 1, 1]|WAIT": 0.003000000000000042,
  "[27, 0, 1, 1, 1]|LEFT": -0.047999999999999966,
  "[26, 0, 1, 1, 1]|WAIT": 0.0060000000000000305,
  "[26, 1, 1, 1, 1]|RIGHT": 0.06900000000000005,
  "[27, 9, 1, 1, 1]|DOWN": 0.066,
  "[35, 8, 1, 1, 1]|RIGHT": 0.06300000000000001,
  "[36, 9, 1, 1, 1]|RIGHT": 0.060000000000000026,
  "[37, 10, 1, 1, 1]|RIGHT": 0.05700000000000001,
  "[38, 2, 1, 1, 1]|WAIT": -0.008999999999999996,
  "[38, 2, 1, 1, 1]|RIGHT": 0.054000000000000006,
  "[39, 2, 1, 1, 1]|UP": -0.063,
  "[31, 2, 1, 1, 1]|UP": -0.05999999999999998,
  "[23, 2, 1, 1, 1]|DOWN": 0.05700000000000001,
  "[31, 2, 1, 1, 1]|LEFT": -0.05999999999999998,
  "[30, 1, 1, 1, 1]|LEFT": -0.05699999999999999,
  "[29, 0, 1, 1, 1]|DOWN": 0.060000000000000026,
  "[37, 8, 1, 1, 1]|LEFT": -0.05699999999999999,
  "[36, 8, 1, 1, 1]|LEFT": -0.054000000000000006,
  "[35, 8, 1, 1, 1]|UP": -0.05099999999999996,
  "[27, 9, 1, 1, 1]|LEFT": -0.047999999999999966,
  "[26, 8, 1, 1, 1]|LEFT": -0.04499999999999998,
  "[25, 9, 1, 1, 1]|UP": -0.04199999999999993,
  "[17, 1, 1, 1, 1]|LEFT": -0.039,
  "[16, 0, 1, 1, 1]|DOWN": 0.07800000000000007,
  "[24, 0, 1, 1, 1]|RIGHT": 0.07500000000000002,
  "[25, 1, 1, 1, 1]|UP": -0.04199999999999993,
  "[17, 0, 1, 1, 1]|RIGHT": 0.09336000000000004,
  "[26, 2, 1, 1, 1]|DOWN": 0.06900000000000005,
  "[34, 2, 1, 1, 1]|RIGHT": 0.066,
  "[35, 10, 1, 1, 1]|WAIT": 0.0,
  "[35, 18, 1, 1, 1]|RIGHT": 0.06300000000000001,
  "[36, 17, 1, 1, 1]|DOWN": 0.060000000000000026,
  "[44, 9, 1, 1, 1]|UP": -0.05699999999999999,
  "[36, 10, 1, 1, 1]|WAIT": -0.00299999999999999,
  "[36, 2, 1, 1, 1]|WAIT": -0.00299999999999999,
  "[36, 10, 1, 1, 1]|RIGHT": 0.060000000000000026,
  "[37, 11, 1, 1, 1]|UP": -0.05699999999999999,
  "[29, 3, 1, 1, 1]|RIGHT": 0.060000000000000026,
  "[30, 4, 1, 1, 1]|RIGHT": 0.09690000000000001,
  "[31, 12, 1, 1, 1]|DOWN": 0.054000000000000006,
  "[39, 12, 1, 1, 1]|UP": -0.063,
  "[31, 12, 1, 1, 1]|WAIT": -0.01970999999999999,
  "[31, 4, 1, 1, 1]|DOWN": 0.054000000000000006,
  "[39, 5, 1, 1, 1]|WAIT": -0.011999999999999999,
  "[39, 4, 1, 1, 1]|UP": -0.063,
  "[31, 3, 1, 1, 1]|LEFT": -0.051449999999999975,
  "[31, 12, 1, 1, 1]|UP": -0.05999999999999998,
  "[23, 4, 1, 1, 1]|DOWN": 0.05470500000000001,
  "[31, 13, 1, 1, 1]|UP": -0.05999999999999998,
  "[23, 12, 1, 1, 1]|UP": -0.05699999999999999,
  "[15, 12, 1, 1, 1]|LEFT": -0.054000000000000006,
  "[14, 12, 1, 1, 1]|LEFT": -0.05099999999999996,
  "[13, 4, 1, 1, 1]|WAIT": 0.003000000000000042,
  "[13, 3, 1, 1, 1]|UP": -0.047999999999999966,
  "[5, 2, 1, 1, 1]|LEFT": -0.04499999999999998,
  "[4, 2, 1, 1, 1]|RIGHT": 0.07200000000000004,
  "[5, 10, 1, 1, 1]|LEFT": -0.04499999999999998,
  "[4, 11, 1, 1, 1]|DOWN": 0.07200000000000004,
  "[12, 3, 1, 1, 1]|RIGHT": 0.06900000000000005,
  "[13, 11, 1, 1, 1]|WAIT": 0.003000000000000042,
  "[13, 10, 1, 1, 1]|WAIT": 0.003000000000000042,
  "[13, 9, 1, 1, 1]|LEFT": -0.047999999999999966,
  "[12, 17, 1, 1, 1]|WAIT": 0.0060000000000000305,
  "[12, 17, 1, 1, 1]|RIGHT": 0.06900000000000005,
  "[13, 18, 1, 1, 1]|LEFT": -0.047999999999999966,
  "[12, 17, 1, 1, 1]|UP": -0.04499999999999998,
  "[4, 25, 1, 1, 1]|WAIT": 0.015300000000000034,
  "[4, 33, 1, 1, 1]|LEFT": -0.04199999999999993,
  "[3, 34, 1, 1, 1]|WAIT": 0.012000000000000064,
  "[3, 26, 1, 1, 1]|DOWN": 0.07500000000000002,
  "[11, 34, 1, 1, 1]|LEFT": -0.04199999999999993,
  "[10, 35, 1, 1, 1]|RIGHT": 0.07500000000000002,
  "[11, 34, 1, 1, 1]|UP": -0.04199999999999993,
  "[3, 33, 1, 1, 1]|RIGHT": 0.07635000000000003,
  "[4, 17, 1, 1, 1]|WAIT": 0.00900000000000002,
  "[4, 25, 1, 1, 1]|DOWN": 0.07200000000000004,
  "[12, 25, 1, 1, 1]|UP": -0.04499999999999998,
  "[4, 33, 1, 1, 1]|RIGHT": 0.07200000000000004,
  "[5, 34, 1, 1, 1]|LEFT": -0.04499999999999998,
  "[4, 35, 1, 1, 1]|LEFT": -0.04199999999999993,
  "[3, 36, 1, 1, 1]|WAIT": 0.012000000000000064,
  "[3, 36, 1, 1, 1]|DOWN": 0.07500000000000002,
  "[11, 35, 1, 1, 1]|UP": -0.04199999999999993,
  "[3, 36, 1, 1, 1]|RIGHT": 0.07500000000000002,
  "[4, 44, 1, 1, 1]|DOWN": 0.07200000000000004,
  "[12, 45, 1, 1, 1]|WAIT": 0.0060000000000000305,
  "[12, 37, 1, 1, 1]|LEFT": -0.04499999999999998,
  "[11, 38, 1, 1, 1]|RIGHT": 0.07200000000000004,
  "[12, 46, 1, 1, 1]|WAIT": 0.0060000000000000305,
  "[12, 38, 1, 1, 1]|WAIT": 0.0060000000000000305,
  "[12, 37, 1, 1, 1]|UP": -0.04499999999999998,
  "[4, 36, 1, 1, 1]|WAIT": 0.00900000000000002,
  "[4, 44, 1, 1, 1]|RIGHT": 0.07200000000000004,
  "[5, 43, 1, 1, 1]|DOWN": 0.06900000000000005,
  "[13, 44, 1, 1, 1]|UP": -0.047999999999999966,
  "[5, 45, 1, 1, 1]|RIGHT": 0.06900000000000005,
  "[6, 46, 1, 1, 1]|WAIT": 0.003000000000000042,
  "[6, 45, 1, 1, 1]|WAIT": 0.003000000000000042,
  "[6, 46, 1, 1, 1]|RIGHT": 0.066,
  "[7, 45, 1, 1, 1]|DOWN": 0.06300000000000001,
  "[15, 46, 1, 1, 1]|WAIT": -0.00299999999999999,
  "[15, 38, 1, 1, 1]|LEFT": -0.054000000000000006,
  "[14, 37, 1, 1, 1]|RIGHT": 0.06300000000000001,
  "[15, 38, 1, 1, 1]|DOWN": 0.060000000000000026,
  "[23, 37, 1, 1, 1]|DOWN": 0.05700000000000001,
  "[31, 45, 1, 1, 1]|LEFT": -0.05999999999999998,
  "[30, 46, 1, 1, 1]|RIGHT": 0.05700000000000001,
  "[31, 38, 1, 1, 1]|LEFT": -0.05999999999999998,
  "[30, 37, 1, 1, 1]|LEFT": -0.05699999999999999,
  "[29, 38, 1, 1, 1]|RIGHT": 0.060000000000000026,
  "[30, 37, 1, 1, 1]|WAIT": -0.005999999999999979,
  "[30, 45, 1, 1, 1]|RIGHT": 0.05700000000000001,
  "[31, 46, 1, 1, 1]|WAIT": -0.008999999999999996,
  "[31, 47, 1, 1, 1]|LEFT": -0.05999999999999998,
  "[30, 47, 1, 0, 1]|UP": -0.05699999999999999,
  "[22, 46, 1, 0, 1]|UP": -0.054000000000000006,
  "[14, 38, 1, 0, 1]|WAIT": 0.0,
  "[14, 38, 1, 0, 1]|UP": -0.05099999999999996,
  "[6, 39, 1, 0, 1]|LEFT": -0.047999999999999966,
  "[5, 38, 1, 0, 1]|LEFT": -0.04499999999999998,
  "[4, 30, 1, 0, 1]|RIGHT": 0.07200000000000004,