episode_idx,return_sum,steps,conflicts,avg_manhattan_FM
0,27.51,500,0,4.802
1,29.3,500,0,4.796
2,41.53,459,0,4.605664
3,27.44,214,0,3.780374
4,25.04,122,0,5.45082
5,32.97,450,0,5.006667
