episode_idx,return_sum,steps,conflicts,avg_manhattan_FM
0,-20.0,500,0,4.924
1,-35.0,500,0,4.22
2,-30.0,500,0,4.326
3,-25.0,500,0,4.682
4,-20.0,500,0,4.148
5,-20.000000000000004,500,0,4.78
6,-2.700000000000001,477,0,4.633123689727463
7,-30.0,500,0,4.608
8,-20.0,500,0,4.628
9,-30.0,500,0,4.904
10,-15.000000000000002,500,0,4.424
11,-25.0,500,0,4.206
12,-30.0,500,0,4.974
13,-30.0,500,0,4.162
14,-30.0,500,0,4.822
15,-30.0,500,0,4.676
16,7.7,23,0,4.0
